Head,Tail
neutralizing antibody,SARS-CoV-2
SARS-CoV-1,healthcare workers
SARS-CoV-2,
probiotics,SARS-CoV-2 Infection
fenofibrate,COVID-19
sulfatide,COVID-19
gns561,SARS-CoV-2
gns561,antiviral activity against sars-cov-2
Pfizer,COVID-19 vaccine
nanoparticle,allergic reactions
berberine,SARS-CoV-2
Obatoclax,SARS-CoV-2
human nasal epithelial cells,SARS-CoV-2 replication and transcription complex
potential covid-19 drug,COVID-19
SARS-CoV-2,Calcifediol concentrations
Racial inequality in the United States,United States of America
immunity,COVID-19
in-cell elisa,neutralizing antibody
in-cell elisa,antiviral compounds
Balaji Srinivasan,stanford professor
Balaji Srinivasan,santa clara seroprevalence study
Santa Clara,seroprevalence
santa clara seroprevalence study,positive rate results
false positive rate of the test,positive rate results
sample recruitment issues,positive rate results
Food and Drug Administration,Emergency Use Authorization
Emergency Use Authorization,COVID-19 vaccine
Food and Drug Administration,crispr sars-cov-2 rapid diagnostic
(RS)-thioctic acid,
response,G6PD
sars-cov-2 in-vitro neutralization assay,iota-carrageenan
iota-carrageenan,viral entry into host cell
ciclesonide,coronavirus rna replication
mathematical analysis,cordoba calcifediol trial
vitamin D,icu admissions
icu admissions,hospitalized covid-19 patients
cellphone-recorded coughs,artificial intelligence model
stanford researchers,"3,200 people"
variant of SARS-CoV-2,mild outcome
Moderna,late-stage development
mathematical modelling,lung and nasal passages
remdesivir,SARS-CoV-2
Food and Drug Administration,saliva-based test kit
SARS-CoV-2 Infection,seasonal human coronavirus antibodies
seasonal human coronavirus antibodies,
nationwide representative screening,
electrostatic spraying,spread of covid-19
severe COVID-19 disease,faulty genes
severe COVID-19 disease,autoimmune disease
uv-emitting led lights,SARS-CoV-2
Coronavirus spike protein,infectivity
quantitative assays,cell-cell fusion
Coronavirus spike protein,cell-cell fusion
fusion-from-without,cell-cell fusion
spike glycoprotein,furin-like cleavage site
COVID-19 serological testing,
coronavirus endoribonuclease,viral polyuridine sequences
pyridoxal phosphate,Immune dysregulation
pyridoxal phosphate,blood coagulation disease
infant,antibody
mothers with covid-19 pneumonia,antibody
high temperature,lower incidence of covid-19
Food and Drug Administration,COVID-19 vaccine
severe COVID-19 disease,venous thromboembolism
Moderna,covid-19 vaccine supply
asymptomatic traveler,COVID-19 pandemic
clinical trial,covid-19 treatment
hydroxychloroquine,COVID-19
SARS-CoV-2,
baricitinib,Immune dysregulation
remdesivir,Middle East respiratory syndrome coronavirus
Medicines and Healthcare products Regulatory Agency,recruitment to covid-19 hydroxychloroquine trials
gene expression profiling,trpm5-expressing cells
trpm5-expressing cells,viral infection in the olfactory epithelium
aprotinin,SARS-CoV-2 replication and transcription complex
homozygous l-sign,SARS-CoV-2 Infection
hydroxychloroquine,COVID-19
zinc,COVID-19
remdesivir,severe COVID-19 disease
immune cell activation in severe covid-19,Lupus
gaps in early surveillance,
human soluble ace2,remdesivir
ivermectin,COVID-19
il-6 trans-signaling,Serpin family E member 1
Anthony Fauci,facemask
facemask,
Johnson & Johnson,covid-19 vaccine trials
wuhan study,
ace2,airway epithelial cell
ACE inhibitor,ACE2 expression
angiotensin receptor antagonists,ACE2 expression
covid-19 immune signature,sepsis-like traits
sepsis-like traits,Poor prognosis
evolutionary arms race,genetic diversity
bat sars related coronavirus,Coronavirus spike protein
convalescent plasma,COVID-19
covid-19 vaccine rollout,hispanic communities
systematic analysis,innate immune antagonism
Endocrine Therapy,COVID-19
Coronavirus vaccines,safety trials
favipiravir,80% efficacy
Russian Direct Investment Fund,favipiravir
chemrar,favipiravir
singapore medtech firm,antibody testing
covid-19 seroprevalence,two different serological tests
COVID-19,healthcare workers of a large covid hospital in rome
identification of sars-cov-2 vaccine epitopes,long-term population-scale immunity
SARS-CoV-2,monocyte
ace-i and arbs,COVID-19 mortality
intestinal inflammation,ACE2 expression
sars-cov-2 simulations,cryptic pockets across the proteome
test sites,covid-19 racial disparities
poolkeh,pooling strategy
three uk centres,cellular immune response
strike,east bay hospitals
sars-cov-2 orf8,evasion of host immune response
nafamostat,coronavirus infection
SARS-CoV-2 Infection,pneumonia
SARS-CoV-2 Infection,impaired function
thrombotic microvascular injury,thrombotic microangiopathy
"Amyloid P component, serum",pneumonia
"Amyloid P component, serum",pulmonary toxicity
"Amyloid P component, serum",cytokine storm
Food and Drug Administration,chloroquine phosphate
Food and Drug Administration,hydroxychloroquine sulfate
SARS-CoV-2,cross-species transmission
recurrent deletions,antibody escape
Covid-19 Test,
genomic epidemiology,superspreading events
mutational dynamics,SARS-CoV-2
transmission properties,SARS-CoV-2
COVID-19,dog
SARS-CoV-2 Infection,transient olfactory dysfunction in mice
therapeutic anticoagulation,mortality
SARS-CoV-2,biological weapon
antibody responses,COVID-19 outcome
Raspberry Pi,ventilator
mosaic rbd nanoparticles,neutralizing antibody
exposure dose,vaccine efficacy
abnormal liver tests,COVID-19 outcome
autophagy modulators,sars-cov-2 cytopathic effect
regn-cov2 antibodies,SARS-CoV-2 Infection
glasses,SARS-CoV-2
intranasal chadox1 ncov-19/azd1222 vaccination,shedding of sars-cov-2 d614g in rhesus macaques
extraction-free sars-cov-2 rt-qpcr,
dutch scientists,ace2 receptors
ohio health official,"100,000 people"
Google,covid-19 community mobility
SARS-CoV-2 Infection,exhaled aerosol
Fox News,hydroxychloroquine
autopsy,heart damage in covid-19 patients
genomic study,origins of the COVID-19 pandemic
(S)-(−)-colchicine,COVID-19
alphavirus-derived replicon rna vaccine,
coronavirus fears,hand-washing psas
human brain organoid model,neuroinvasive potential of sars-cov-2
host-coronavirus protein interaction networks,pan-viral disease mechanisms
needle-less vaccine,Mass distribution
recovery of monocyte exhaustion,resolution of lung injury in covid-19 convalescence
imperial college mrna vaccine technology,future pandemics
indomethacin,SARS-CoV-2
adjuvant-free nanofiber vaccine,
Food and Drug Administration,hydroxychloroquine for covid-19
Antibody testing,covid-19-prevention trials
cytodyn,leronlimab
SARS-CoV-2,choroid plexus
coronial autopsies,covid-19
3Blue1Brown,epidemic
Anthony Fauci,us deaths from coronavirus
leronlimab,pulmonary inflammation
sars-cov-2-like virus,pangolins from guangdong
high dose vitamin d,serum antioxidant capacity
high dose vitamin d,icu outcome
bifidobacterial protein,inflammation in covid-19
rudn geneticist,bifidobacterial protein
spike-antagonistic peptide,Coronavirus spike protein
,Coronavirus spike protein
mast cell,histamine
histamine,interleukin-1 family
replication in airway cells,pathogen transmission
furin cleavage site of sars-cov-2 spike protein,replication in airway cells
sars-cov-2 d614g variant,replication ex vivo
sars-cov-2 d614g variant,transmission in vivo
ORF3b protein [SARS-CoV-2],Late SARS-CoV-2 Infection Events
recovered covid19 subjects,spike protein binding to ace2
hydroxychloroquine,airflow
hydroxychloroquine,circulating ige levels in subjects with moderate symptomatic asthma
RNA vaccine,COVID-19
male sex hormones,SARS-CoV-2
Interleukin-6,novel signature
Interleukin-6,covid-19 disease progression
Interleukin-6,development of anti-sars-cov-2 antibodies
Slovakia,all adults for sars-cov-2
potently neutralizing human antibodies,sars-cov-2 receptor
potently neutralizing human antibodies,animal
variant of SARS-CoV-2,columbus
COVID-19 vaccine,promising early results
caspase-8 activation,inflammatory responses
caspase-8 activation,cell death
SARS-CoV-2,caspase-8 activation
anakinra,respiratory failure in covid-19
virus,heart cells
Serpin family A member 1,SARS-CoV-2 Infection
sars-cov-2 viral load,clinical outcome of covid-19 disease
plasmin cascade,thrombolytic events
a systematic review,gap between covid-19 in humans and animal models
cardiac sars-cov-2 infection,distinct transcriptomic changes within the heart
,COVID-19 vaccine
Indiana,non-essential gatherings
COVID-19 vaccine,Infertility in women
il-6 inhibition,COVID-19
Mike Pompeo,chinese labs
interferons and viruses,truncated ace2 isoform
interferons and viruses,full-length sars-cov-2 receptor
neutralizing antibody,protection from sars-cov-2 in humans
SARS-CoV-2 Infection,heart
facemask,SARS-CoV-1
disinfecting the living quarters,SARS-CoV-1
lineages of sars-cov-2,South Africa
researchers,in-home testing for covid-19
,game changer
inactivated rabies virus vectored sars-cov-2 vaccine,SARS-CoV-2
chloroquine,hmgb1 inflammatory signaling
chloroquine,sepsis
research project,odor-sensing cells
McConnell,covid-19 aid
neutrophil activation signature,critical illness
neutrophil activation signature,covid-19 mortality
candesartan,covid-19 cytokine storm
Centers for Disease Control and Prevention,no sail order for all cruise ships
afucosylated immunoglobulin g responses,hallmark of enveloped virus infections
afucosylated immunoglobulin g responses,phenotype in covid-19
,promise in older people
age of a person,risk of covid-19 hospitalisation
t-cell production,risk of covid-19 hospitalisation
COVID-19 vaccine,airways in nonhuman primates
researchers,sars-cov-2 polymerase reaction
remdesivir,SARS-CoV-2 replication and transcription complex
famotidine,SARS-CoV-2 replication and transcription complex
full-dose clot prophylaxis,severe COVID-19 disease
SARS-CoV-2,human neural progenitor cells
SARS-CoV-2,brain organoids
serological responses to human virome,italian patients
imperial scientists,covid-19 mortality rate
human brain vasculature,sars-cov-2 entry factors
st. jude scientists,deadly inflammation
SARS-CoV-2,deadly inflammation
,COVID-19 pandemic
functional fear,public health compliance
modified vaccinia ankara based sars-cov-2 vaccine,neutralizing antibody response
sars-cov-2 viroporin,nlrp3 inflammatory pathway
Gilead Sciences,remdesivir
remdesivir,SARS-CoV-2
Coalition for Epidemic Preparedness Innovations,COVID-19 vaccine
SK Bioscience,COVID-19 vaccine
bra manufacturer,facemask
BCG vaccination,covid-19
adaptive cross-immunity,sars-cov-2
poverty,covid-19 shelter-in-place protocols
reappearance of effector t cells,recovery from covid-19
sulfated polysaccharides,sars-cov-2 in vitro
McDonald’s,seating
McDonald’s,play areas
sars-cov-2 infection control implementation,
Algernon,ifenprodil
Novotechnik,ifenprodil
TRIM28,
sars-cov-2-specific peripheral t follicular helper cells,neutralizing antibody
sars-cov-2-specific peripheral t follicular helper cells,
SARS-CoV-2 replication and transcription complex,mda-5-dependent interferon production
sars-cov-2 replication,mda-5-dependent interferon production
STAT2 signaling and dengue virus infection,viral dissemination
STAT2 signaling and dengue virus infection,sars-cov-2 infected hamsters
Alberta,public gatherings
niclosamide,sars-cov2 entry
red blood cell distribution width,mortality risk in hospitalized adults with sars-cov-2 infection
Food and Drug Administration,two-minute antibody testing kit
structural modeling of 2019-novel coronavirus spike protein,proteolytically-sensitive activation loop
harm reduction principles,public health messaging
,92 % efficacy
SARS-CoV-2,TGF-β-dominated chronic immune response
neutralizing antibody,targets of vulnerability
active compound in wp1122,
SARS-CoV-2,
serum 25d level on hospital admission,covid-19 mortality
artificial intelligence-enabled phenomic analysis,covid-19 treatment
,
regn-cov2 antibody cocktail,SARS-CoV-2 Infection
regn-cov2 antibody cocktail,SARS-CoV-2 Infection
st. jude scientists,covid-19 treatment
,
proton pump inhibitor,risk of coronavirus mortality
blood test,past infections with new coronavirus
taiwan scientists,15-minute wuhan virus test
selenium deficiency,risk of coronavirus mortality
pulmonary vascular dilation,hypoxemia
generational war,SARS-CoV-2
d614g mutation of sars-cov-2 spike protein,viral infectivity
d614g mutation of sars-cov-2 spike protein,neutralization sensitivity
nyc map,patients testing positive for coronavirus
plasma proteomics,cell-cell interactions
SARS-CoV-2,immune dysregulation
Jeff Bezos,testing kits for covid19
Amazon,testing kits for covid19
United States of America,people with flu symptoms
DreamLab app,fight coronavirus
facemask,airborne infections
chadox1 ncov-19 vaccine,sars-cov-2 pneumonia in rhesus macaques
,COVID-19 mortality
blood type,covid-19 risk
analysis of hospital traffic and search engine data in wuhan china,early disease activity in the fall of 2019
SARS-CoV-2 Infection,airway motile cilia
SARS-CoV-2 Infection,mucociliary clearance
Corticosteroids,
group or team activity in city parks,ban
walkthrough,
,
India,100-yr-old vaccine
antigen-based testing,sars-cov-2 virus culture
real-time polymerase chain reaction,sars-cov-2 virus culture
Eli Lilly and Company,neutralizing antibody ly-cov555
Moderna,first potential vaccine
,
Russia,COVID-19 vaccine
Russia,victory in global race
Scientist,sars-cov-2 potential to infect human brain organoids
ACE2,sars-cov-2 receptor
antihypertension therapy with ace inhibitors,COVID-19
angiotensin II type 2 receptor blockers,COVID-19
,respiratory failure in covid-19 hospitalized patients
,
leronlimab phase 2 trial,COVID-19
Ad26.COV2.S,sars-cov-2 severe clinical disease in hamsters
baricitinib in combination with remdesivir,time to recovery in hospitalized patients with covid-19
niaid-sponsored actt-2 trial,time to recovery in hospitalized patients with covid-19
Food and Drug Administration,monoclonal antibodies
hydroxychloroquine application,mortality in critically ill patients with covid-19
synbiobeta,treatment
low dose of hydroxychloroquine,mortality in critically ill patients with covid-19
University of Liverpool,online database for checking drug-drug interactions
inflammatory cytokine signature,covid-19 severity
composition of the immunoglobulin g glycome,covid-19 severity
granulocytic signature,covid-19 severity
Reven,online database for checking drug-drug interactions
high cortisol levels,
covid-19 transmission rates,highly seasonal
viral polymorphisms,paediatric inflammatory multisystem syndrome
paediatric inflammatory multisystem syndrome,SARS-CoV-2
extracellular vesicle-based vaccine platform,native viral envelope proteins
extracellular vesicle-based vaccine platform,robust anti-sars-cov-2 response
ambroxol hydrochloride,interaction
research project,
ACE2,thrombosis
analysis,profound nkt cell impairment
sars-cov-2 proteins,lytic reactivation of an oncogenic virus
anti-covid-19 drugs,lytic reactivation of an oncogenic virus
sars-cov-2 d614g variant,efficient replication ex vivo
sars-cov-2 d614g variant,transmission in vivo
researchers,protein
protein,spread of covid-19
content management system,broad regulatory flexibilities
instant coffee covid-19 tests,reopening the u.s
nitric oxide,spread of covid-19
buildings with older faulty plumbing,disease
covid-19 mortality,
fruitful neutralizing antibody pipeline,SARS-CoV-2
blood type o,prevalence of sars-cov-2 infection
young kids,COVID-19
older children,COVID-19
adult,COVID-19
SARS-CoV-2,adaptive immune response
ivermectin,inhibitor of importin α/β-mediated nuclear import
ivermectin,replication of hiv-1 and dengue virus
weekly covid-19 testing,Feasible
weekly covid-19 testing,epidemic
DARPA,firebreak treatment
antibody titers,neutralizing activity
japanese flu drug,SARS-CoV-2
innate lymphoid cell composition,covid-19 severity
facemask,respiratory virus
influenza A virus,sars-cov-2 infectivity
belief in covid-19 conspiracy theories,social distancing
SARS-CoV-2 Infection,sebum lipidome
il-6 inhibition,secondary infections
steroid,deaths of hospitalized covid-19 patients
serological surveys,adult covid-19 patients
iga mab,sars-cov-2 spike-ace2 interaction
iga mab,mucosal immune system
antibody positivity to sars-cov-2,risk of future infection
host-viral infection maps,severe covid-19 patients
neutralizing antibody,protection from sars-cov-2 in humans
inhibition of pikfyve kinase,infection by zaire ebolavirus and sars-cov-2
"triple combination nitazoxanide , ribavirin , and hydroxychloroquine",sars-cov-2 viral replication
higher serum levels of chemokine ccl19,sars-cov-2 acute respiratory distress syndrome
COVID-19 pandemic,recreational hockey game
SARS-CoV-2,Iran
abc-294640,inhibition of sars-cov-2
uk labs,COVID-19 test
the use of povidone iodine nasal spray and mouthwash,cross infection
Steve Goodman,confirmed cases a pointless metric
Steve Goodman,professor of epidemiology at stanford university
the ace2 expression in sertoli cells and germ cells,male reproductive disorder after sars-cov-2 infection
COVID-19,contraceptive agents
COVID-19,Abortions
Ethereum,china 's covid-19 censorship
SARS-CoV-2 Infection,
salt-coated masks,
SARS-CoV-2 Infection,ace1 i/d genotype
hydroxychloroquine,
,
genomic surveillance,
cdc study,
GitHub,
severe COVID-19 disease,
AZD1222,
SARS-CoV-2,
United Kingdom,tozinameran
Hong Kong,
Kids,COVID-19
less severe course of covid-19,
surgical mask,
cold-adapted live attenuated sars-cov-2 vaccine,
Food and Drug Administration,
noninfluenza respiratory virus infections,
,myeloid-derived suppressor cells
myeloid-derived suppressor cells,severity
facemask,
neck gaiter,
face shields,
treatment with colchicine,
Johnson & Johnson,
variant of SARS-CoV-2,infectivity
mir-146a,
ohio researchers,
progesterone-based therapy,influenza
neurologic and radiographic findings,COVID-19 infection in children
early mortality rates for coronavirus,
expert,
Donald Trump,
social and economic reopening,
sars-cov-2 vaccine candidate,
SARS-CoV-2,immune cell
SARS-CoV-2,Pholidota
Google,
researchers,
amilorides,sars-cov-2 replication in vitro
Prevalence of coronavirus,
COVID-19 vaccine,
chinese biotech,
symptomatic sars-cov-2 infections,
city size,
Plasma treatment,COVID-19
peaks of fine particulate matter,spread of covid-19
treatment with ace-inhibitors,
Cruise Lines International Association,passenger
elevated biomarker,vascular disease
composite nasal spray,prevention of SARS-CoV-2/COVID-19
full-dose blood thinners,
full-dose blood thinners,
convalescent plasma,COVID-19
,
Institute of Mountain Hazards and Environment,
Hepatitis A virus cellular receptor 1,SARS-CoV-2
ACE2,cell entry of sars-cov-2
a familial cluster of infection,COVID-19
a familial cluster of infection,
researchers in hong kong,
peptide vaccine candidate,broad t cell responses
Centers for Disease Control and Prevention,
AZD1222,immune response
Neuropilin 1,
Plasma treatment,
ivermectin,Broad-spectrum antiviral drug
SARS-CoV-2,ACE2
SARS-CoV-2,thrombosis
IBM,
Fujifilm,favipiravir
favipiravir,COVID-19
COVID-19,immune system amnesia
Interferon deficiency syndrome,severe COVID-19 disease
protease inhibitor,
protease inhibitor,
thymalfasin,
chief executive officer,
General Pharmaceutical Council,mRNA-1273 vaccine
Coronavirus vaccines,senior
Food and Drug Administration,
prefusion sars-cov-2 spike rna vaccine,
prefusion sars-cov-2 spike rna vaccine,
mandate tuberculosis vaccine,covid-19 mortality rate
SARS-CoV-2,
SARS-CoV-2,
(S)-(−)-colchicine,
United Arab Emirates,
bacteriophage,covid-19 mortality rate
Radical transparency,
People's Republic of China,
COVID-19,
dexamethasone,immunity
dexamethasone,COVID-19
coronavirus reinfection,
new coronavirus test,
Food and Drug Administration,
coronavirus superspreading,
,
clinical risk score,
SARS-CoV-2 Infection,
SARS-CoV-2 Infection,mucociliary clearance
northerly latitude,COVID-19 mortality
vitamin d,COVID-19 mortality
Union Cycliste Internationale,
dexamethasone,immunity
hydroxychloroquine,COVID-19
massachusetts general hospital covid-19 registry,
uncharacterized gene in sars-cov-2,
sauna use,
coronavirus case counts,
enisamium,SARS-CoV-2 polymerase complex
enisamium,
researchers,
pulmonary pathology of early covid-19 pneumonia,
COVID-19 mortality,ultraviolet and vitamin d
vitamin D,covid-19 severity
differential immune responses,COVID-19
single-cell RNA-seq,differential immune response
florida sheriff,
vitamin k2 deficiency,COVID-19 mortality
work of science,
chemist,
immense inflammation,
proteomics,
covid-19 lung injury,
danish researchers' inhalation treatment,animal
speech by asymptomatic individuals,infectious disease
researchers,
virus,COVID-19
staying home,lifesaving
older adults with existing depression,
Nobel Prize winner,
commonly used steroid,
aerosol,COVID-19
elevation of plasma angiotensin ii level,
israeli health ministry,
COVID-19 vaccine,SARS-CoV-2 Infection
Food and Drug Administration,
blood test,
immune system,
a discrete-time-evolution model,
a cross-reactive human iga monoclonal antibody,
humanized covid-19 decoy antibody,
humanized covid-19 decoy antibody,SARS-CoV-2 Infection
human mast cell,interleukin-6 production
Tests,
covid-19 vaccination,herd immunity
,
unique mutations,
Government Bureau,
pooling samples,
uc study,
higher viral loads,
journalist,
Scientist,
rapid antigen test based screening,
natural selection in the evolution of sars-cov-2 in bats,
heat-killed lactobacillus casei,
heat-killed lactobacillus casei,
research project,
immunological memory,SARS-CoV-2
immunological memory,
double eights mask brace,
double eights mask brace,COVID-19 pandemic
pandemic,stillbirth rate
Immunological Characteristics of COVID-19 Patients,
AZD1222,immune response
high-throughput sars-cov-2 testing,efficiency
sars-cov-2-specific t-cell immunity,robustness
cats and llamas,
monulparivir,spread of covid-19
bcg-adjuvanted sars-cov-2 vaccine,
bcg-adjuvanted sars-cov-2 vaccine,
Eli Lilly and Company,
UCSF Research Participant Registry,inhalable antiviral
inhalable antiviral,
structural biology,
symptom monitoring,
sars-cov-2 spike d614g variant,
ag nanoparticles-based antimicrobial polycotton fabrics,spread of covid-19
4c deterioration model,
japanese flu drug,SARS-CoV-2
COVID-19,
coronavirus tests,
,
neurorx and relief therapeutics,
2020 october covid-19 boost date in european countries,latitude
2020 october covid-19 boost date in european countries,temperature
susceptible supply,
single-dose intranasal administration of adcovid,
Ontario,COVID-19 test
enhanced testing strategy,
covid-19 treatment,
Moderna,
,
computed tomography,
the ace2 expression in human heart,
single-cell analysis,intrinsic immune response
,COVID-19
,
LDL cholesterol,
,
United States of America,
artemisinin,
Ketogenesis,
early high-titer plasma therapy,
Vitamin D,COVID-19
remdesivir,
covid-19 vaccination,"500,000 sharks"
Centers for Disease Control and Prevention,
variant of SARS-CoV-2,
chloroquine phosphate,
gut microbiota composition,dysfunctional immune response
Russia,
holder pasteurization,sars-cov-2 in human milk
cold storage,sars-cov-2 in human milk
chloroquine,
disruption of the ccl5/rantes-ccr5 pathway,immune homeostasis
disruption of the ccl5/rantes-ccr5 pathway,
sars-cov-2 viral load,
repurposing of miglustat,
high affinity nanobodies,
,severe COVID-19 disease
Novartis,
Plasma treatment,coronavirus on surfaces
rapid endothelialitis and vascular inflammation,
,
severity of covid-19,
,
genome,
,
,
COVID-19,
,
korean study,COVID-19
proton-pump inhibitors,
research,
low vitamin k status,covid-19 mortality rate
spike mutation pipeline,
remdesivir,SARS-CoV-2
chloroquine,SARS-CoV-2
facedrive health,
alcoholism therapy,COVID-19
wastewater,
Protein 7a [SARS-CoV-2],
ACE2 expression,
ethos labs,COVID-19 serological testing
,
,covid-19 mortality rate
fibrinolysis,
Global Partnership for education,
Food and Drug Administration,
Food and Drug Administration,
aging immunity,COVID-19
single-cell transcriptome,
SARS-CoV-2,
hydroxychloroquine,
multivalency,
,
Human Movement Database,
COVID-19,
COVID-19,
COVID-19,stroke
polymorphism in the n gene of sars-cov-2,
,lymphopenia
,neutrophilia
lateral flow test,
far-uvc light,
low testosterone levels,
high sars-cov-2 viral load,
atazanavir,
greater social distancing,COVID-19
,
,
taiwan team,
COVID-19,inflammatory disease
rutgers researchers,
sitagliptin/metformin,
AZD1222,
COVID-19,
endemic human coronaviruses,
,
dexamethasone,
,
Circulating mitochondrial DNA,
hyperoxia,human gut flora
human gut flora,
Food and Drug Administration,
large-scale single-cell analysis,
Vitamin D Insufficiency,severe COVID-19 disease
,
SARS-CoV-2 Infection,
,
metabolic cofactor supplementation,
bacterial modification,sars-cov-2 infectivity
D614G mutation,
tozinameran,
SARS-CoV-2,dog
collider bias,
neutralizing antibody,
Virus Evolution,spread of covid-19
,
,
United Kingdom,
unc researchers,
gilead data,
,
serological responses,
ultra-high affinity synthetic nanobody,SARS-CoV-2 Infection
climate,
digestive sign,
,
social distancing,COVID-19
booster dose,
dexamethasone,
Facebook,
Food and Drug Administration,
SARS-CoV-2,
sars-cov-2 viral load,COVID-19 mortality
sri lankan muslims,
altered blood cell traits,
,
,
Eli Lilly and Company,
SARS-CoV-2,
,
,
ivermectin exposure,
remdesivir,severe COVID-19 disease
Gilead Sciences,remdesivir
remdesivir,
COVID-19 pandemic,
COVID-19 pandemic,
classified chinese data,
,SARS-CoV-2 Infection
SARS-CoV-2 Infection,
,
high temperature and high humidity,sars-cov-2 transmission
,
high-dose corticosteroid pulse therapy,
high-quality masks,infections
high-quality masks,
azithromycin and hydroxychloroquine,
hydroxychloroquine,
a single dose of chadox1 mers,
cdc report on comorbidity,
cdc report on comorbidity,
emerging zoonotic disease,
COVID-19,
,
,public health
closed environments,
t cell anergy in covid-19,viral persistence
t cell anergy in covid-19,
niaid-led study,RNA vaccine
niaid-led study,
herd immunity,
National Institute of Allergy and Infectious Diseases,
National Institute of Allergy and Infectious Diseases,
,
,
pre-emptive low cost social distancing,
,
,
World Health Organization,
plant lectins,SARS-CoV-2
Woolworths Group,
TB Vaccine Programme Advisory Group,COVID-19
hcq + zinc,
retrospective study at nyu,
closed environments,sars-cov-2 transmission
Ad5-nCoV,COVID-19 vaccine
SARS-CoV-2,human cardiomyocyte
SARS-CoV-2,
County of Santa Clara,
University of Liverpool,online database
Drug-drug interactions,
active or latent tuberculosis,
active or latent tuberculosis,severity
Donald Trump,state of emergency
state of emergency,SARS-CoV-2
,
,
,severe COVID-19 disease
,pandemic
,vitamin D
,
personalized therapy approach,COVID-19
cor-101,
,covid-19 animal model
Clinical studies,
,COVID-19
,Florida
stool test,COVID-19 pandemic
COVID-19 pandemic,University of Arizona
,SARS-CoV-2
B-cell,COVID-19
T-lymphocytes,COVID-19
,
,COVID-19
blood type o,
,SARS-CoV-2 Infection
coronavirus hemagglutinin-esterase and spike proteins coevolve,
Cytotoxic lymphocytes,
,spread of covid-19
innate immune response,COVID-19
behavioral changes,control of the covid-19 epidemic
curfew,control of the covid-19 epidemic
blood pressure medication,
facemask,infectious disease
,infectivity of children
zinc finger antiviral protein,SARS-CoV-2
SARS-CoV-2,strain
convalescent plasma,
convalescent plasma,covid-19 mortality rate
,injury
severe COVID-19 disease,
pfizer and biontech,
COVID-19 vaccine,
European Medicines Agency,
IMMUNIZATION RECORDS,
non-covid-19 vaccinations,human
facemask,
cell-mediated immunity,SARS-CoV-2
SARS-CoV-2,pneumonia
convalescent serum,covid-19 severity
influenza A virus,
mouse model,COVID-19
COVID-19,B-cell
COVID-19,T-lymphocytes
,
SARS-CoV-2,
heat shock protein 70,
,
brilacidin,
computed tomography,
rlf-100 clinical trial,respiratory failure
rlf-100 clinical trial,
red blood cell,
SARS-CoV-2,Pholidota
SARS-CoV-2,human
SARS-CoV-2,bats
SARS-CoV-2,snake
sleep,immunological memory
Recombinant subunit vaccine,Cricetinae
immunity,
Johnson & Johnson,
COVID-19,Aerosol
COVID-19,
ruxolitinib,
Lenzilumab,covid-19 pneumonia
,chinese social media
laboratory,
facemask,
Cholesterol 25-hydroxylase,SARS-CoV-2 replication and transcription complex
sars-cov-2 antibodies,
convalescent plasma,
convalescent plasma,covid-19 mortality rate
Coronavirus spike protein,
ribonucleoside analogue mk-4482/eidd-2801,SARS-CoV-2 transmission
health officials,
post-mortem examination of covid19 patients,
post-mortem examination of covid19 patients,
COVID-19,
variant of SARS-CoV-2,United Kingdom
sars-cov-2 antibody responses,covid-19 severity
SARS-CoV-2,
saliva sampling,sars cov2 diagnostic tests
,
serum,
beta thalassemia,COVID-19
covid-19 transmission messages,science
,SARS-CoV-2
facemask,risk
D614G mutation,infectivity
Beacon Pharmaceuticals,
D614G mutation,transduction
Urban air pollution,
sars-cov-2 reactive t cells,
Betacoronavirus,T-lymphocytes
smoking prevalence,
angiotensin I converting enzyme 2,sars-cov-2 receptor
Interleukin-6,angiotensin I converting enzyme 2
covid-19 patients,cat
Scientist,antibody
heparin,
SARS-CoV-2,france
proteomics,
mink,SARS-CoV-2
mathematical model,
covid-19 icu patient,respiratory failure
aviptadil,clinical recovery
viral genomics,
viral genomics,
mit team,rapid covid-19 test
3M,rapid covid-19 test
musc team,3d printed masks
COVID-19 serological testing,United Kingdom
viral load around onset,
pre-covid-19 humoral immunity,SARS-CoV-2
facemask,covid-19 cases
Mutations,
Anticoagulant Treatment,
brazilian health regulatory agency,
amantadine,covid-19 symptoms
Spatial Profiling,
Spatial Profiling,gene signatures
European Commission,
comparative genomics,
comparative genomics,
interferon-b trial,
saliva viral load,covid-19 severity
Adverse Events,
Coronavirus spike protein,
immunological memory,SARS-CoV-2
spike-ferritin nanoparticle vaccine,
Type I interferon,
heartburn drug,COVID-19
neutrophil-to-lymphocyte ratio and igg,Severity
antibody,severe COVID-19 disease
MTHFR A222V,Lazio
Food and Drug Administration,guideline
Host translation inhibitor nsp1 [SARS-CoV-2],translation
self-reported symptoms,SARS-CoV-2 Infection
super-spreader,
IL7,
High-content CRISPR screening,
Neutrophil to lymphocyte ratio,
pollen exposure,
withanone and withaferin-a,
rlf-100 trial,covid-19 patients
ORF7b,person-to-person transmission
surgical mask,risk of noncontact transmission
SARS-CoV-2,Americans
anticoagulant,hospitalized covid-19 patients
SARS-CoV-2 Infection,neutralizing antibody responses
miglustat,SARS-CoV-2
cardiac infection,SARS-CoV-2
melatonin,intubated covid-19 patients
Orthomyxoviridae,neutralizing antibody
tlr2 agonist,upper respiratory tract viral shedding
COVID-19,reinfection
remestemcel-L,COVID-19
antibodies to sars-cov-2,reinfection
physical interventions,respiratory viruses
COVID-19,long-term lung and heart damage
lung and heart damage,
Mike Pence,coronavirus vaccine distribution
Guillain–Barré syndrome,COVID-19
viral epitope profiling,
covid-19 patients,Severity
anti-ck2 synthetic peptide,covid-19 patients with pneumonia
anti-ck2 synthetic peptide,
European Medicines Agency,dexamethasone
dexamethasone,covid-19 patients on oxygen or mechanical ventilation
symptom-based case predictions,host genetic factors
new covid-19 test,asymptomatic individual
one-step test,rapid and sensitive covid-19 detection
,spread of covid-19
Interventions,spread of covid-19
,spike protein cleavage
hydroxychloroquine,icu admissions
tozinameran,Bell's palsy